timestamp,model,Training Loss,Epoch,Step,Validation Loss,Accuracy,F1,model_path,samples_per_s,steps_per_s,colab,per_device_train_batch_size,per_device_eval_batch_size,split,target_map,binary,balanced
2024-04-14_21-14,michellejieli/emotion_text_classifier,0.965,1.0,254,0.749,0.698,0.457,output/models/michellejieli/emotion_text_classifier_2024-04-14_21-14,39.854,4.992,False,8,64,"(0.8, 0.1, 0.1)","{'Negative': 0, 'No_pathos': 1, 'Positive': 2}",False,True
2024-04-14_21-14,michellejieli/emotion_text_classifier,0.738,2.0,508,1.252,0.42,0.345,output/models/michellejieli/emotion_text_classifier_2024-04-14_21-14,39.854,4.992,False,8,64,"(0.8, 0.1, 0.1)","{'Negative': 0, 'No_pathos': 1, 'Positive': 2}",False,True
2024-04-14_21-14,michellejieli/emotion_text_classifier,0.492,3.0,762,0.978,0.636,0.448,output/models/michellejieli/emotion_text_classifier_2024-04-14_21-14,39.854,4.992,False,8,64,"(0.8, 0.1, 0.1)","{'Negative': 0, 'No_pathos': 1, 'Positive': 2}",False,True
2024-04-14_21-14,michellejieli/emotion_text_classifier,0.288,4.0,1016,2.421,0.501,0.388,output/models/michellejieli/emotion_text_classifier_2024-04-14_21-14,39.854,4.992,False,8,64,"(0.8, 0.1, 0.1)","{'Negative': 0, 'No_pathos': 1, 'Positive': 2}",False,True
2024-04-14_21-14,michellejieli/emotion_text_classifier,0.172,5.0,1270,2.449,0.558,0.413,output/models/michellejieli/emotion_text_classifier_2024-04-14_21-14,39.854,4.992,False,8,64,"(0.8, 0.1, 0.1)","{'Negative': 0, 'No_pathos': 1, 'Positive': 2}",False,True
2024-04-14_21-14,michellejieli/emotion_text_classifier,0.1,6.0,1524,2.501,0.608,0.434,output/models/michellejieli/emotion_text_classifier_2024-04-14_21-14,39.854,4.992,False,8,64,"(0.8, 0.1, 0.1)","{'Negative': 0, 'No_pathos': 1, 'Positive': 2}",False,True
2024-04-14_21-14,michellejieli/emotion_text_classifier,0.054,7.0,1778,3.139,0.548,0.407,output/models/michellejieli/emotion_text_classifier_2024-04-14_21-14,39.854,4.992,False,8,64,"(0.8, 0.1, 0.1)","{'Negative': 0, 'No_pathos': 1, 'Positive': 2}",False,True
2024-04-14_21-14,michellejieli/emotion_text_classifier,0.036,8.0,2032,3.157,0.57,0.418,output/models/michellejieli/emotion_text_classifier_2024-04-14_21-14,39.854,4.992,False,8,64,"(0.8, 0.1, 0.1)","{'Negative': 0, 'No_pathos': 1, 'Positive': 2}",False,True
2024-04-14_21-14,michellejieli/emotion_text_classifier,0.014,9.0,2286,3.654,0.527,0.399,output/models/michellejieli/emotion_text_classifier_2024-04-14_21-14,39.854,4.992,False,8,64,"(0.8, 0.1, 0.1)","{'Negative': 0, 'No_pathos': 1, 'Positive': 2}",False,True
2024-04-14_21-14,michellejieli/emotion_text_classifier,0.006,10.0,2540,3.603,0.533,0.401,output/models/michellejieli/emotion_text_classifier_2024-04-14_21-14,39.854,4.992,False,8,64,"(0.8, 0.1, 0.1)","{'Negative': 0, 'No_pathos': 1, 'Positive': 2}",False,True
2024-04-14_21-22,michellejieli/emotion_text_classifier,0.583,1.0,1754,0.614,0.71,0.647,output/models/michellejieli/emotion_text_classifier_2024-04-14_21-22,257.397,32.181,False,8,64,"(0.8, 0.1, 0.1)","{'Pathos': 0, 'No_pathos': 1}",True,False
2024-04-14_21-22,michellejieli/emotion_text_classifier,0.508,2.0,3508,0.629,0.728,0.653,output/models/michellejieli/emotion_text_classifier_2024-04-14_21-22,257.397,32.181,False,8,64,"(0.8, 0.1, 0.1)","{'Pathos': 0, 'No_pathos': 1}",True,False
2024-04-14_21-22,michellejieli/emotion_text_classifier,0.422,3.0,5262,0.757,0.723,0.645,output/models/michellejieli/emotion_text_classifier_2024-04-14_21-22,257.397,32.181,False,8,64,"(0.8, 0.1, 0.1)","{'Pathos': 0, 'No_pathos': 1}",True,False
2024-04-14_21-22,michellejieli/emotion_text_classifier,0.341,4.0,7016,1.091,0.709,0.658,output/models/michellejieli/emotion_text_classifier_2024-04-14_21-22,257.397,32.181,False,8,64,"(0.8, 0.1, 0.1)","{'Pathos': 0, 'No_pathos': 1}",True,False
2024-04-14_21-22,michellejieli/emotion_text_classifier,0.288,5.0,8770,1.103,0.715,0.657,output/models/michellejieli/emotion_text_classifier_2024-04-14_21-22,257.397,32.181,False,8,64,"(0.8, 0.1, 0.1)","{'Pathos': 0, 'No_pathos': 1}",True,False
2024-04-14_21-22,michellejieli/emotion_text_classifier,0.212,6.0,10524,1.258,0.703,0.653,output/models/michellejieli/emotion_text_classifier_2024-04-14_21-22,257.397,32.181,False,8,64,"(0.8, 0.1, 0.1)","{'Pathos': 0, 'No_pathos': 1}",True,False
2024-04-14_21-22,michellejieli/emotion_text_classifier,0.157,7.0,12278,1.436,0.685,0.636,output/models/michellejieli/emotion_text_classifier_2024-04-14_21-22,257.397,32.181,False,8,64,"(0.8, 0.1, 0.1)","{'Pathos': 0, 'No_pathos': 1}",True,False
2024-04-14_21-22,michellejieli/emotion_text_classifier,0.118,8.0,14032,1.648,0.721,0.671,output/models/michellejieli/emotion_text_classifier_2024-04-14_21-22,257.397,32.181,False,8,64,"(0.8, 0.1, 0.1)","{'Pathos': 0, 'No_pathos': 1}",True,False
2024-04-14_21-22,michellejieli/emotion_text_classifier,0.092,9.0,15786,1.783,0.706,0.65,output/models/michellejieli/emotion_text_classifier_2024-04-14_21-22,257.397,32.181,False,8,64,"(0.8, 0.1, 0.1)","{'Pathos': 0, 'No_pathos': 1}",True,False
2024-04-14_21-22,michellejieli/emotion_text_classifier,0.062,10.0,17540,1.943,0.703,0.649,output/models/michellejieli/emotion_text_classifier_2024-04-14_21-22,257.397,32.181,False,8,64,"(0.8, 0.1, 0.1)","{'Pathos': 0, 'No_pathos': 1}",True,False
2024-04-14_21-31,michellejieli/emotion_text_classifier,0.646,1.0,990,0.466,0.809,0.625,output/models/michellejieli/emotion_text_classifier_2024-04-14_21-31,147.565,18.446,False,8,64,"(0.8, 0.1, 0.1)","{'Pathos': 0, 'No_pathos': 1}",True,True
2024-04-14_21-31,michellejieli/emotion_text_classifier,0.544,2.0,1980,0.697,0.65,0.553,output/models/michellejieli/emotion_text_classifier_2024-04-14_21-31,147.565,18.446,False,8,64,"(0.8, 0.1, 0.1)","{'Pathos': 0, 'No_pathos': 1}",True,True
2024-04-14_21-31,michellejieli/emotion_text_classifier,0.416,3.0,2970,0.578,0.779,0.618,output/models/michellejieli/emotion_text_classifier_2024-04-14_21-31,147.565,18.446,False,8,64,"(0.8, 0.1, 0.1)","{'Pathos': 0, 'No_pathos': 1}",True,True
2024-04-14_21-31,michellejieli/emotion_text_classifier,0.33,4.0,3960,1.186,0.701,0.578,output/models/michellejieli/emotion_text_classifier_2024-04-14_21-31,147.565,18.446,False,8,64,"(0.8, 0.1, 0.1)","{'Pathos': 0, 'No_pathos': 1}",True,True
2024-04-14_21-31,michellejieli/emotion_text_classifier,0.246,5.0,4950,1.284,0.726,0.591,output/models/michellejieli/emotion_text_classifier_2024-04-14_21-31,147.565,18.446,False,8,64,"(0.8, 0.1, 0.1)","{'Pathos': 0, 'No_pathos': 1}",True,True
2024-04-14_21-31,michellejieli/emotion_text_classifier,0.184,6.0,5940,1.438,0.698,0.575,output/models/michellejieli/emotion_text_classifier_2024-04-14_21-31,147.565,18.446,False,8,64,"(0.8, 0.1, 0.1)","{'Pathos': 0, 'No_pathos': 1}",True,True
2024-04-14_21-31,michellejieli/emotion_text_classifier,0.122,7.0,6930,1.789,0.703,0.582,output/models/michellejieli/emotion_text_classifier_2024-04-14_21-31,147.565,18.446,False,8,64,"(0.8, 0.1, 0.1)","{'Pathos': 0, 'No_pathos': 1}",True,True
2024-04-14_21-31,michellejieli/emotion_text_classifier,0.088,8.0,7920,1.981,0.68,0.569,output/models/michellejieli/emotion_text_classifier_2024-04-14_21-31,147.565,18.446,False,8,64,"(0.8, 0.1, 0.1)","{'Pathos': 0, 'No_pathos': 1}",True,True
2024-04-14_21-31,michellejieli/emotion_text_classifier,0.058,9.0,8910,2.095,0.703,0.578,output/models/michellejieli/emotion_text_classifier_2024-04-14_21-31,147.565,18.446,False,8,64,"(0.8, 0.1, 0.1)","{'Pathos': 0, 'No_pathos': 1}",True,True
2024-04-14_21-31,michellejieli/emotion_text_classifier,0.044,10.0,9900,2.291,0.692,0.576,output/models/michellejieli/emotion_text_classifier_2024-04-14_21-31,147.565,18.446,False,8,64,"(0.8, 0.1, 0.1)","{'Pathos': 0, 'No_pathos': 1}",True,True
2024-04-14_21-48,distilbert-base-uncased,0.987,1.0,254,0.861,0.646,0.431,output/models/distilbert-base-uncased_2024-04-14_21-48,41.036,5.14,False,8,64,"(0.8, 0.1, 0.1)","{'Negative': 0, 'No_pathos': 1, 'Positive': 2}",False,True
2024-04-14_21-48,distilbert-base-uncased,0.669,2.0,508,1.073,0.519,0.396,output/models/distilbert-base-uncased_2024-04-14_21-48,41.036,5.14,False,8,64,"(0.8, 0.1, 0.1)","{'Negative': 0, 'No_pathos': 1, 'Positive': 2}",False,True
2024-04-14_21-48,distilbert-base-uncased,0.322,3.0,762,1.478,0.591,0.42,output/models/distilbert-base-uncased_2024-04-14_21-48,41.036,5.14,False,8,64,"(0.8, 0.1, 0.1)","{'Negative': 0, 'No_pathos': 1, 'Positive': 2}",False,True
2024-04-14_21-48,distilbert-base-uncased,0.16,4.0,1016,1.981,0.613,0.434,output/models/distilbert-base-uncased_2024-04-14_21-48,41.036,5.14,False,8,64,"(0.8, 0.1, 0.1)","{'Negative': 0, 'No_pathos': 1, 'Positive': 2}",False,True
2024-04-14_21-48,distilbert-base-uncased,0.071,5.0,1270,2.676,0.541,0.404,output/models/distilbert-base-uncased_2024-04-14_21-48,41.036,5.14,False,8,64,"(0.8, 0.1, 0.1)","{'Negative': 0, 'No_pathos': 1, 'Positive': 2}",False,True
2024-04-14_21-48,distilbert-base-uncased,0.028,6.0,1524,2.967,0.535,0.4,output/models/distilbert-base-uncased_2024-04-14_21-48,41.036,5.14,False,8,64,"(0.8, 0.1, 0.1)","{'Negative': 0, 'No_pathos': 1, 'Positive': 2}",False,True
2024-04-14_21-48,distilbert-base-uncased,0.026,7.0,1778,2.953,0.546,0.404,output/models/distilbert-base-uncased_2024-04-14_21-48,41.036,5.14,False,8,64,"(0.8, 0.1, 0.1)","{'Negative': 0, 'No_pathos': 1, 'Positive': 2}",False,True
2024-04-14_21-48,distilbert-base-uncased,0.012,8.0,2032,3.002,0.559,0.412,output/models/distilbert-base-uncased_2024-04-14_21-48,41.036,5.14,False,8,64,"(0.8, 0.1, 0.1)","{'Negative': 0, 'No_pathos': 1, 'Positive': 2}",False,True
2024-04-14_21-48,distilbert-base-uncased,0.007,9.0,2286,3.05,0.562,0.413,output/models/distilbert-base-uncased_2024-04-14_21-48,41.036,5.14,False,8,64,"(0.8, 0.1, 0.1)","{'Negative': 0, 'No_pathos': 1, 'Positive': 2}",False,True
2024-04-14_21-48,distilbert-base-uncased,0.005,10.0,2540,3.085,0.562,0.414,output/models/distilbert-base-uncased_2024-04-14_21-48,41.036,5.14,False,8,64,"(0.8, 0.1, 0.1)","{'Negative': 0, 'No_pathos': 1, 'Positive': 2}",False,True
2024-04-14_21-57,distilbert-base-uncased,0.576,1.0,1754,0.56,0.738,0.68,output/models/distilbert-base-uncased_2024-04-14_21-57,265.673,33.216,False,8,64,"(0.8, 0.1, 0.1)","{'Pathos': 0, 'No_pathos': 1}",True,False
2024-04-14_21-57,distilbert-base-uncased,0.446,2.0,3508,0.603,0.715,0.67,output/models/distilbert-base-uncased_2024-04-14_21-57,265.673,33.216,False,8,64,"(0.8, 0.1, 0.1)","{'Pathos': 0, 'No_pathos': 1}",True,False
2024-04-14_21-57,distilbert-base-uncased,0.295,3.0,5262,0.934,0.718,0.647,output/models/distilbert-base-uncased_2024-04-14_21-57,265.673,33.216,False,8,64,"(0.8, 0.1, 0.1)","{'Pathos': 0, 'No_pathos': 1}",True,False
2024-04-14_21-57,distilbert-base-uncased,0.188,4.0,7016,1.338,0.721,0.667,output/models/distilbert-base-uncased_2024-04-14_21-57,265.673,33.216,False,8,64,"(0.8, 0.1, 0.1)","{'Pathos': 0, 'No_pathos': 1}",True,False
2024-04-14_21-57,distilbert-base-uncased,0.103,5.0,8770,1.837,0.724,0.668,output/models/distilbert-base-uncased_2024-04-14_21-57,265.673,33.216,False,8,64,"(0.8, 0.1, 0.1)","{'Pathos': 0, 'No_pathos': 1}",True,False
2024-04-14_21-57,distilbert-base-uncased,0.069,6.0,10524,1.769,0.737,0.665,output/models/distilbert-base-uncased_2024-04-14_21-57,265.673,33.216,False,8,64,"(0.8, 0.1, 0.1)","{'Pathos': 0, 'No_pathos': 1}",True,False
2024-04-14_21-57,distilbert-base-uncased,0.043,7.0,12278,2.03,0.734,0.674,output/models/distilbert-base-uncased_2024-04-14_21-57,265.673,33.216,False,8,64,"(0.8, 0.1, 0.1)","{'Pathos': 0, 'No_pathos': 1}",True,False
2024-04-14_21-57,distilbert-base-uncased,0.03,8.0,14032,2.41,0.725,0.669,output/models/distilbert-base-uncased_2024-04-14_21-57,265.673,33.216,False,8,64,"(0.8, 0.1, 0.1)","{'Pathos': 0, 'No_pathos': 1}",True,False
2024-04-14_21-57,distilbert-base-uncased,0.019,9.0,15786,2.378,0.727,0.663,output/models/distilbert-base-uncased_2024-04-14_21-57,265.673,33.216,False,8,64,"(0.8, 0.1, 0.1)","{'Pathos': 0, 'No_pathos': 1}",True,False
2024-04-14_21-57,distilbert-base-uncased,0.011,10.0,17540,2.465,0.728,0.665,output/models/distilbert-base-uncased_2024-04-14_21-57,265.673,33.216,False,8,64,"(0.8, 0.1, 0.1)","{'Pathos': 0, 'No_pathos': 1}",True,False
2024-04-14_22-05,distilbert-base-uncased,0.639,1.0,990,0.494,0.788,0.615,output/models/distilbert-base-uncased_2024-04-14_22-05,157.639,19.705,False,8,64,"(0.8, 0.1, 0.1)","{'Pathos': 0, 'No_pathos': 1}",True,True
2024-04-14_22-05,distilbert-base-uncased,0.472,2.0,1980,0.842,0.609,0.525,output/models/distilbert-base-uncased_2024-04-14_22-05,157.639,19.705,False,8,64,"(0.8, 0.1, 0.1)","{'Pathos': 0, 'No_pathos': 1}",True,True
2024-04-14_22-05,distilbert-base-uncased,0.294,3.0,2970,0.76,0.78,0.619,output/models/distilbert-base-uncased_2024-04-14_22-05,157.639,19.705,False,8,64,"(0.8, 0.1, 0.1)","{'Pathos': 0, 'No_pathos': 1}",True,True
2024-04-14_22-05,distilbert-base-uncased,0.182,4.0,3960,1.542,0.665,0.562,output/models/distilbert-base-uncased_2024-04-14_22-05,157.639,19.705,False,8,64,"(0.8, 0.1, 0.1)","{'Pathos': 0, 'No_pathos': 1}",True,True
2024-04-14_22-05,distilbert-base-uncased,0.095,5.0,4950,1.636,0.687,0.569,output/models/distilbert-base-uncased_2024-04-14_22-05,157.639,19.705,False,8,64,"(0.8, 0.1, 0.1)","{'Pathos': 0, 'No_pathos': 1}",True,True
2024-04-14_22-05,distilbert-base-uncased,0.058,6.0,5940,1.822,0.696,0.575,output/models/distilbert-base-uncased_2024-04-14_22-05,157.639,19.705,False,8,64,"(0.8, 0.1, 0.1)","{'Pathos': 0, 'No_pathos': 1}",True,True
2024-04-14_22-05,distilbert-base-uncased,0.042,7.0,6930,2.174,0.682,0.566,output/models/distilbert-base-uncased_2024-04-14_22-05,157.639,19.705,False,8,64,"(0.8, 0.1, 0.1)","{'Pathos': 0, 'No_pathos': 1}",True,True
2024-04-14_22-05,distilbert-base-uncased,0.025,8.0,7920,2.454,0.68,0.567,output/models/distilbert-base-uncased_2024-04-14_22-05,157.639,19.705,False,8,64,"(0.8, 0.1, 0.1)","{'Pathos': 0, 'No_pathos': 1}",True,True
2024-04-14_22-05,distilbert-base-uncased,0.018,9.0,8910,2.315,0.7,0.578,output/models/distilbert-base-uncased_2024-04-14_22-05,157.639,19.705,False,8,64,"(0.8, 0.1, 0.1)","{'Pathos': 0, 'No_pathos': 1}",True,True
2024-04-14_22-05,distilbert-base-uncased,0.011,10.0,9900,2.469,0.696,0.576,output/models/distilbert-base-uncased_2024-04-14_22-05,157.639,19.705,False,8,64,"(0.8, 0.1, 0.1)","{'Pathos': 0, 'No_pathos': 1}",True,True
2024-04-14_23-58,michellejieli/emotion_text_classifier,0.702,1.0,1754,0.677,0.712,0.479,output/models/michellejieli/emotion_text_classifier_2024-04-14_23-58,269.625,33.71,False,8,64,"(0.8, 0.1, 0.1)","{'Negative': 0, 'No_pathos': 1, 'Positive': 2}",False,False
2024-04-14_23-58,michellejieli/emotion_text_classifier,0.598,2.0,3508,0.73,0.719,0.472,output/models/michellejieli/emotion_text_classifier_2024-04-14_23-58,269.625,33.71,False,8,64,"(0.8, 0.1, 0.1)","{'Negative': 0, 'No_pathos': 1, 'Positive': 2}",False,False
2024-04-14_23-58,michellejieli/emotion_text_classifier,0.474,3.0,5262,0.8,0.728,0.556,output/models/michellejieli/emotion_text_classifier_2024-04-14_23-58,269.625,33.71,False,8,64,"(0.8, 0.1, 0.1)","{'Negative': 0, 'No_pathos': 1, 'Positive': 2}",False,False
2024-04-14_23-58,michellejieli/emotion_text_classifier,0.369,4.0,7016,1.019,0.725,0.562,output/models/michellejieli/emotion_text_classifier_2024-04-14_23-58,269.625,33.71,False,8,64,"(0.8, 0.1, 0.1)","{'Negative': 0, 'No_pathos': 1, 'Positive': 2}",False,False
2024-04-14_23-58,michellejieli/emotion_text_classifier,0.285,5.0,8770,1.477,0.716,0.55,output/models/michellejieli/emotion_text_classifier_2024-04-14_23-58,269.625,33.71,False,8,64,"(0.8, 0.1, 0.1)","{'Negative': 0, 'No_pathos': 1, 'Positive': 2}",False,False
2024-04-14_23-58,michellejieli/emotion_text_classifier,0.211,6.0,10524,1.682,0.709,0.53,output/models/michellejieli/emotion_text_classifier_2024-04-14_23-58,269.625,33.71,False,8,64,"(0.8, 0.1, 0.1)","{'Negative': 0, 'No_pathos': 1, 'Positive': 2}",False,False
2024-04-14_23-58,michellejieli/emotion_text_classifier,0.142,7.0,12278,1.898,0.707,0.556,output/models/michellejieli/emotion_text_classifier_2024-04-14_23-58,269.625,33.71,False,8,64,"(0.8, 0.1, 0.1)","{'Negative': 0, 'No_pathos': 1, 'Positive': 2}",False,False
2024-04-14_23-58,michellejieli/emotion_text_classifier,0.1,8.0,14032,1.963,0.716,0.541,output/models/michellejieli/emotion_text_classifier_2024-04-14_23-58,269.625,33.71,False,8,64,"(0.8, 0.1, 0.1)","{'Negative': 0, 'No_pathos': 1, 'Positive': 2}",False,False
2024-04-14_23-58,michellejieli/emotion_text_classifier,0.071,9.0,15786,2.143,0.721,0.544,output/models/michellejieli/emotion_text_classifier_2024-04-14_23-58,269.625,33.71,False,8,64,"(0.8, 0.1, 0.1)","{'Negative': 0, 'No_pathos': 1, 'Positive': 2}",False,False
2024-04-14_23-58,michellejieli/emotion_text_classifier,0.048,10.0,17540,2.226,0.725,0.542,output/models/michellejieli/emotion_text_classifier_2024-04-14_23-58,269.625,33.71,False,8,64,"(0.8, 0.1, 0.1)","{'Negative': 0, 'No_pathos': 1, 'Positive': 2}",False,False
2024-04-15_00-13,flaubert/flaubert_base_cased,0.726,1.0,990,0.508,0.871,0.465,output/models/flaubert/flaubert_base_cased_2024-04-15_00-13,105.873,13.234,False,8,64,"(0.8, 0.1, 0.1)","{'Pathos': 0, 'No_pathos': 1}",True,True
2024-04-15_00-13,flaubert/flaubert_base_cased,0.71,2.0,1980,0.826,0.129,0.114,output/models/flaubert/flaubert_base_cased_2024-04-15_00-13,105.873,13.234,False,8,64,"(0.8, 0.1, 0.1)","{'Pathos': 0, 'No_pathos': 1}",True,True
2024-04-15_00-13,flaubert/flaubert_base_cased,0.704,3.0,2970,0.548,0.871,0.465,output/models/flaubert/flaubert_base_cased_2024-04-15_00-13,105.873,13.234,False,8,64,"(0.8, 0.1, 0.1)","{'Pathos': 0, 'No_pathos': 1}",True,True
2024-04-15_00-13,flaubert/flaubert_base_cased,0.701,4.0,3960,0.732,0.129,0.114,output/models/flaubert/flaubert_base_cased_2024-04-15_00-13,105.873,13.234,False,8,64,"(0.8, 0.1, 0.1)","{'Pathos': 0, 'No_pathos': 1}",True,True
2024-04-15_00-13,flaubert/flaubert_base_cased,0.7,5.0,4950,0.664,0.871,0.465,output/models/flaubert/flaubert_base_cased_2024-04-15_00-13,105.873,13.234,False,8,64,"(0.8, 0.1, 0.1)","{'Pathos': 0, 'No_pathos': 1}",True,True
2024-04-15_00-13,flaubert/flaubert_base_cased,0.699,6.0,5940,0.657,0.871,0.465,output/models/flaubert/flaubert_base_cased_2024-04-15_00-13,105.873,13.234,False,8,64,"(0.8, 0.1, 0.1)","{'Pathos': 0, 'No_pathos': 1}",True,True
2024-04-15_00-13,flaubert/flaubert_base_cased,0.698,7.0,6930,0.609,0.871,0.465,output/models/flaubert/flaubert_base_cased_2024-04-15_00-13,105.873,13.234,False,8,64,"(0.8, 0.1, 0.1)","{'Pathos': 0, 'No_pathos': 1}",True,True
2024-04-15_00-13,flaubert/flaubert_base_cased,0.695,8.0,7920,0.665,0.871,0.465,output/models/flaubert/flaubert_base_cased_2024-04-15_00-13,105.873,13.234,False,8,64,"(0.8, 0.1, 0.1)","{'Pathos': 0, 'No_pathos': 1}",True,True
2024-04-15_00-13,flaubert/flaubert_base_cased,0.696,9.0,8910,0.625,0.871,0.465,output/models/flaubert/flaubert_base_cased_2024-04-15_00-13,105.873,13.234,False,8,64,"(0.8, 0.1, 0.1)","{'Pathos': 0, 'No_pathos': 1}",True,True
2024-04-15_00-13,flaubert/flaubert_base_cased,0.693,10.0,9900,0.631,0.871,0.465,output/models/flaubert/flaubert_base_cased_2024-04-15_00-13,105.873,13.234,False,8,64,"(0.8, 0.1, 0.1)","{'Pathos': 0, 'No_pathos': 1}",True,True
2024-04-15_00-26,flaubert/flaubert_base_cased,0.654,1.0,1754,0.628,0.683,0.406,output/models/flaubert/flaubert_base_cased_2024-04-15_00-26,153.403,19.18,False,8,64,"(0.8, 0.1, 0.1)","{'Pathos': 0, 'No_pathos': 1}",True,False
2024-04-15_00-26,flaubert/flaubert_base_cased,0.64,2.0,3508,0.625,0.683,0.406,output/models/flaubert/flaubert_base_cased_2024-04-15_00-26,153.403,19.18,False,8,64,"(0.8, 0.1, 0.1)","{'Pathos': 0, 'No_pathos': 1}",True,False
2024-04-15_00-26,flaubert/flaubert_base_cased,0.635,3.0,5262,0.634,0.683,0.406,output/models/flaubert/flaubert_base_cased_2024-04-15_00-26,153.403,19.18,False,8,64,"(0.8, 0.1, 0.1)","{'Pathos': 0, 'No_pathos': 1}",True,False
2024-04-15_00-26,flaubert/flaubert_base_cased,0.632,4.0,7016,0.625,0.683,0.406,output/models/flaubert/flaubert_base_cased_2024-04-15_00-26,153.403,19.18,False,8,64,"(0.8, 0.1, 0.1)","{'Pathos': 0, 'No_pathos': 1}",True,False
2024-04-15_00-26,flaubert/flaubert_base_cased,0.631,5.0,8770,0.626,0.683,0.406,output/models/flaubert/flaubert_base_cased_2024-04-15_00-26,153.403,19.18,False,8,64,"(0.8, 0.1, 0.1)","{'Pathos': 0, 'No_pathos': 1}",True,False
2024-04-15_00-26,flaubert/flaubert_base_cased,0.629,6.0,10524,0.625,0.683,0.406,output/models/flaubert/flaubert_base_cased_2024-04-15_00-26,153.403,19.18,False,8,64,"(0.8, 0.1, 0.1)","{'Pathos': 0, 'No_pathos': 1}",True,False
2024-04-15_00-26,flaubert/flaubert_base_cased,0.629,7.0,12278,0.628,0.683,0.406,output/models/flaubert/flaubert_base_cased_2024-04-15_00-26,153.403,19.18,False,8,64,"(0.8, 0.1, 0.1)","{'Pathos': 0, 'No_pathos': 1}",True,False
2024-04-15_00-26,flaubert/flaubert_base_cased,0.627,8.0,14032,0.627,0.683,0.406,output/models/flaubert/flaubert_base_cased_2024-04-15_00-26,153.403,19.18,False,8,64,"(0.8, 0.1, 0.1)","{'Pathos': 0, 'No_pathos': 1}",True,False
2024-04-15_00-26,flaubert/flaubert_base_cased,0.633,9.0,15786,0.626,0.683,0.406,output/models/flaubert/flaubert_base_cased_2024-04-15_00-26,153.403,19.18,False,8,64,"(0.8, 0.1, 0.1)","{'Pathos': 0, 'No_pathos': 1}",True,False
2024-04-15_00-26,flaubert/flaubert_base_cased,0.629,10.0,17540,0.627,0.683,0.406,output/models/flaubert/flaubert_base_cased_2024-04-15_00-26,153.403,19.18,False,8,64,"(0.8, 0.1, 0.1)","{'Pathos': 0, 'No_pathos': 1}",True,False
2024-04-15_00-41,flaubert/flaubert_base_cased,1.173,1.0,254,0.874,0.735,0.282,output/models/flaubert/flaubert_base_cased_2024-04-15_00-41,36.041,4.514,False,8,64,"(0.8, 0.1, 0.1)","{'Negative': 0, 'No_pathos': 1, 'Positive': 2}",False,True
2024-04-15_00-41,flaubert/flaubert_base_cased,1.129,2.0,508,1.109,0.253,0.135,output/models/flaubert/flaubert_base_cased_2024-04-15_00-41,36.041,4.514,False,8,64,"(0.8, 0.1, 0.1)","{'Negative': 0, 'No_pathos': 1, 'Positive': 2}",False,True
2024-04-15_00-41,flaubert/flaubert_base_cased,1.127,3.0,762,0.992,0.735,0.282,output/models/flaubert/flaubert_base_cased_2024-04-15_00-41,36.041,4.514,False,8,64,"(0.8, 0.1, 0.1)","{'Negative': 0, 'No_pathos': 1, 'Positive': 2}",False,True
2024-04-15_00-41,flaubert/flaubert_base_cased,1.117,4.0,1016,1.058,0.735,0.282,output/models/flaubert/flaubert_base_cased_2024-04-15_00-41,36.041,4.514,False,8,64,"(0.8, 0.1, 0.1)","{'Negative': 0, 'No_pathos': 1, 'Positive': 2}",False,True
2024-04-15_00-41,flaubert/flaubert_base_cased,1.119,5.0,1270,1.111,0.253,0.135,output/models/flaubert/flaubert_base_cased_2024-04-15_00-41,36.041,4.514,False,8,64,"(0.8, 0.1, 0.1)","{'Negative': 0, 'No_pathos': 1, 'Positive': 2}",False,True
2024-04-15_00-41,flaubert/flaubert_base_cased,1.112,6.0,1524,1.142,0.013,0.008,output/models/flaubert/flaubert_base_cased_2024-04-15_00-41,36.041,4.514,False,8,64,"(0.8, 0.1, 0.1)","{'Negative': 0, 'No_pathos': 1, 'Positive': 2}",False,True
2024-04-15_00-41,flaubert/flaubert_base_cased,1.108,7.0,1778,1.232,0.253,0.135,output/models/flaubert/flaubert_base_cased_2024-04-15_00-41,36.041,4.514,False,8,64,"(0.8, 0.1, 0.1)","{'Negative': 0, 'No_pathos': 1, 'Positive': 2}",False,True
2024-04-15_00-41,flaubert/flaubert_base_cased,1.109,8.0,2032,1.06,0.735,0.282,output/models/flaubert/flaubert_base_cased_2024-04-15_00-41,36.041,4.514,False,8,64,"(0.8, 0.1, 0.1)","{'Negative': 0, 'No_pathos': 1, 'Positive': 2}",False,True
2024-04-15_00-41,flaubert/flaubert_base_cased,1.103,9.0,2286,1.076,0.253,0.135,output/models/flaubert/flaubert_base_cased_2024-04-15_00-41,36.041,4.514,False,8,64,"(0.8, 0.1, 0.1)","{'Negative': 0, 'No_pathos': 1, 'Positive': 2}",False,True
2024-04-15_00-41,flaubert/flaubert_base_cased,1.104,10.0,2540,1.089,0.735,0.282,output/models/flaubert/flaubert_base_cased_2024-04-15_00-41,36.041,4.514,False,8,64,"(0.8, 0.1, 0.1)","{'Negative': 0, 'No_pathos': 1, 'Positive': 2}",False,True
2024-04-15_00-51,flaubert/flaubert_base_cased,0.808,1.0,1754,0.774,0.683,0.271,output/models/flaubert/flaubert_base_cased_2024-04-15_00-51,151.89,18.99,False,8,64,"(0.8, 0.1, 0.1)","{'Negative': 0, 'No_pathos': 1, 'Positive': 2}",False,False
2024-04-15_00-51,flaubert/flaubert_base_cased,0.786,2.0,3508,0.78,0.683,0.271,output/models/flaubert/flaubert_base_cased_2024-04-15_00-51,151.89,18.99,False,8,64,"(0.8, 0.1, 0.1)","{'Negative': 0, 'No_pathos': 1, 'Positive': 2}",False,False
2024-04-15_00-51,flaubert/flaubert_base_cased,0.786,3.0,5262,0.778,0.683,0.271,output/models/flaubert/flaubert_base_cased_2024-04-15_00-51,151.89,18.99,False,8,64,"(0.8, 0.1, 0.1)","{'Negative': 0, 'No_pathos': 1, 'Positive': 2}",False,False
2024-04-15_00-51,flaubert/flaubert_base_cased,0.785,4.0,7016,0.77,0.683,0.271,output/models/flaubert/flaubert_base_cased_2024-04-15_00-51,151.89,18.99,False,8,64,"(0.8, 0.1, 0.1)","{'Negative': 0, 'No_pathos': 1, 'Positive': 2}",False,False
2024-04-15_00-51,flaubert/flaubert_base_cased,0.78,5.0,8770,0.77,0.683,0.271,output/models/flaubert/flaubert_base_cased_2024-04-15_00-51,151.89,18.99,False,8,64,"(0.8, 0.1, 0.1)","{'Negative': 0, 'No_pathos': 1, 'Positive': 2}",False,False
2024-04-15_00-51,flaubert/flaubert_base_cased,0.778,6.0,10524,0.772,0.683,0.271,output/models/flaubert/flaubert_base_cased_2024-04-15_00-51,151.89,18.99,False,8,64,"(0.8, 0.1, 0.1)","{'Negative': 0, 'No_pathos': 1, 'Positive': 2}",False,False
2024-04-15_00-51,flaubert/flaubert_base_cased,0.776,7.0,12278,0.793,0.683,0.271,output/models/flaubert/flaubert_base_cased_2024-04-15_00-51,151.89,18.99,False,8,64,"(0.8, 0.1, 0.1)","{'Negative': 0, 'No_pathos': 1, 'Positive': 2}",False,False
2024-04-15_00-51,flaubert/flaubert_base_cased,0.774,8.0,14032,0.781,0.683,0.271,output/models/flaubert/flaubert_base_cased_2024-04-15_00-51,151.89,18.99,False,8,64,"(0.8, 0.1, 0.1)","{'Negative': 0, 'No_pathos': 1, 'Positive': 2}",False,False
2024-04-15_00-51,flaubert/flaubert_base_cased,0.771,9.0,15786,0.801,0.683,0.271,output/models/flaubert/flaubert_base_cased_2024-04-15_00-51,151.89,18.99,False,8,64,"(0.8, 0.1, 0.1)","{'Negative': 0, 'No_pathos': 1, 'Positive': 2}",False,False
2024-04-15_00-51,flaubert/flaubert_base_cased,0.772,10.0,17540,0.801,0.683,0.271,output/models/flaubert/flaubert_base_cased_2024-04-15_00-51,151.89,18.99,False,8,64,"(0.8, 0.1, 0.1)","{'Negative': 0, 'No_pathos': 1, 'Positive': 2}",False,False
2024-04-15_01-06,distilbert-base-cased,0.65,1.0,990,0.542,0.684,0.562,output/models/distilbert-base-cased_2024-04-15_01-06,166.442,20.805,False,8,64,"(0.8, 0.1, 0.1)","{'Pathos': 0, 'No_pathos': 1}",True,True
2024-04-15_01-06,distilbert-base-cased,0.518,2.0,1980,0.816,0.596,0.518,output/models/distilbert-base-cased_2024-04-15_01-06,166.442,20.805,False,8,64,"(0.8, 0.1, 0.1)","{'Pathos': 0, 'No_pathos': 1}",True,True
2024-04-15_01-06,distilbert-base-cased,0.358,3.0,2970,0.82,0.732,0.585,output/models/distilbert-base-cased_2024-04-15_01-06,166.442,20.805,False,8,64,"(0.8, 0.1, 0.1)","{'Pathos': 0, 'No_pathos': 1}",True,True
2024-04-15_01-06,distilbert-base-cased,0.235,4.0,3960,1.238,0.677,0.56,output/models/distilbert-base-cased_2024-04-15_01-06,166.442,20.805,False,8,64,"(0.8, 0.1, 0.1)","{'Pathos': 0, 'No_pathos': 1}",True,True
2024-04-15_01-06,distilbert-base-cased,0.148,5.0,4950,1.582,0.652,0.548,output/models/distilbert-base-cased_2024-04-15_01-06,166.442,20.805,False,8,64,"(0.8, 0.1, 0.1)","{'Pathos': 0, 'No_pathos': 1}",True,True
2024-04-15_01-06,distilbert-base-cased,0.086,6.0,5940,1.771,0.704,0.573,output/models/distilbert-base-cased_2024-04-15_01-06,166.442,20.805,False,8,64,"(0.8, 0.1, 0.1)","{'Pathos': 0, 'No_pathos': 1}",True,True
2024-04-15_01-06,distilbert-base-cased,0.068,7.0,6930,2.074,0.668,0.554,output/models/distilbert-base-cased_2024-04-15_01-06,166.442,20.805,False,8,64,"(0.8, 0.1, 0.1)","{'Pathos': 0, 'No_pathos': 1}",True,True
2024-04-15_01-06,distilbert-base-cased,0.048,8.0,7920,2.252,0.678,0.564,output/models/distilbert-base-cased_2024-04-15_01-06,166.442,20.805,False,8,64,"(0.8, 0.1, 0.1)","{'Pathos': 0, 'No_pathos': 1}",True,True
2024-04-15_01-06,distilbert-base-cased,0.025,9.0,8910,2.78,0.64,0.541,output/models/distilbert-base-cased_2024-04-15_01-06,166.442,20.805,False,8,64,"(0.8, 0.1, 0.1)","{'Pathos': 0, 'No_pathos': 1}",True,True
2024-04-15_01-06,distilbert-base-cased,0.021,10.0,9900,2.677,0.665,0.556,output/models/distilbert-base-cased_2024-04-15_01-06,166.442,20.805,False,8,64,"(0.8, 0.1, 0.1)","{'Pathos': 0, 'No_pathos': 1}",True,True
2024-04-15_01-14,distilbert-base-cased,0.581,1.0,1754,0.634,0.715,0.651,output/models/distilbert-base-cased_2024-04-15_01-14,300.665,37.591,False,8,64,"(0.8, 0.1, 0.1)","{'Pathos': 0, 'No_pathos': 1}",True,False
2024-04-15_01-14,distilbert-base-cased,0.466,2.0,3508,0.651,0.715,0.652,output/models/distilbert-base-cased_2024-04-15_01-14,300.665,37.591,False,8,64,"(0.8, 0.1, 0.1)","{'Pathos': 0, 'No_pathos': 1}",True,False
2024-04-15_01-14,distilbert-base-cased,0.349,3.0,5262,0.752,0.729,0.657,output/models/distilbert-base-cased_2024-04-15_01-14,300.665,37.591,False,8,64,"(0.8, 0.1, 0.1)","{'Pathos': 0, 'No_pathos': 1}",True,False
2024-04-15_01-14,distilbert-base-cased,0.23,4.0,7016,1.228,0.698,0.651,output/models/distilbert-base-cased_2024-04-15_01-14,300.665,37.591,False,8,64,"(0.8, 0.1, 0.1)","{'Pathos': 0, 'No_pathos': 1}",True,False
2024-04-15_01-14,distilbert-base-cased,0.15,5.0,8770,1.441,0.721,0.646,output/models/distilbert-base-cased_2024-04-15_01-14,300.665,37.591,False,8,64,"(0.8, 0.1, 0.1)","{'Pathos': 0, 'No_pathos': 1}",True,False
2024-04-15_01-14,distilbert-base-cased,0.093,6.0,10524,1.832,0.711,0.647,output/models/distilbert-base-cased_2024-04-15_01-14,300.665,37.591,False,8,64,"(0.8, 0.1, 0.1)","{'Pathos': 0, 'No_pathos': 1}",True,False
2024-04-15_01-14,distilbert-base-cased,0.068,7.0,12278,1.946,0.719,0.662,output/models/distilbert-base-cased_2024-04-15_01-14,300.665,37.591,False,8,64,"(0.8, 0.1, 0.1)","{'Pathos': 0, 'No_pathos': 1}",True,False
2024-04-15_01-14,distilbert-base-cased,0.043,8.0,14032,2.194,0.712,0.638,output/models/distilbert-base-cased_2024-04-15_01-14,300.665,37.591,False,8,64,"(0.8, 0.1, 0.1)","{'Pathos': 0, 'No_pathos': 1}",True,False
2024-04-15_01-14,distilbert-base-cased,0.028,9.0,15786,2.352,0.72,0.658,output/models/distilbert-base-cased_2024-04-15_01-14,300.665,37.591,False,8,64,"(0.8, 0.1, 0.1)","{'Pathos': 0, 'No_pathos': 1}",True,False
2024-04-15_01-14,distilbert-base-cased,0.02,10.0,17540,2.384,0.725,0.666,output/models/distilbert-base-cased_2024-04-15_01-14,300.665,37.591,False,8,64,"(0.8, 0.1, 0.1)","{'Pathos': 0, 'No_pathos': 1}",True,False
2024-04-15_01-22,distilbert-base-cased,0.994,1.0,254,0.842,0.665,0.412,output/models/distilbert-base-cased_2024-04-15_01-22,42.324,5.301,False,8,64,"(0.8, 0.1, 0.1)","{'Negative': 0, 'No_pathos': 1, 'Positive': 2}",False,True
2024-04-15_01-22,distilbert-base-cased,0.671,2.0,508,1.167,0.497,0.382,output/models/distilbert-base-cased_2024-04-15_01-22,42.324,5.301,False,8,64,"(0.8, 0.1, 0.1)","{'Negative': 0, 'No_pathos': 1, 'Positive': 2}",False,True
2024-04-15_01-22,distilbert-base-cased,0.339,3.0,762,1.416,0.585,0.419,output/models/distilbert-base-cased_2024-04-15_01-22,42.324,5.301,False,8,64,"(0.8, 0.1, 0.1)","{'Negative': 0, 'No_pathos': 1, 'Positive': 2}",False,True
2024-04-15_01-22,distilbert-base-cased,0.143,4.0,1016,2.337,0.576,0.417,output/models/distilbert-base-cased_2024-04-15_01-22,42.324,5.301,False,8,64,"(0.8, 0.1, 0.1)","{'Negative': 0, 'No_pathos': 1, 'Positive': 2}",False,True
2024-04-15_01-22,distilbert-base-cased,0.065,5.0,1270,2.8,0.537,0.398,output/models/distilbert-base-cased_2024-04-15_01-22,42.324,5.301,False,8,64,"(0.8, 0.1, 0.1)","{'Negative': 0, 'No_pathos': 1, 'Positive': 2}",False,True
2024-04-15_01-22,distilbert-base-cased,0.021,6.0,1524,3.042,0.537,0.399,output/models/distilbert-base-cased_2024-04-15_01-22,42.324,5.301,False,8,64,"(0.8, 0.1, 0.1)","{'Negative': 0, 'No_pathos': 1, 'Positive': 2}",False,True
2024-04-15_01-22,distilbert-base-cased,0.024,7.0,1778,2.787,0.593,0.421,output/models/distilbert-base-cased_2024-04-15_01-22,42.324,5.301,False,8,64,"(0.8, 0.1, 0.1)","{'Negative': 0, 'No_pathos': 1, 'Positive': 2}",False,True
2024-04-15_01-22,distilbert-base-cased,0.011,8.0,2032,3.232,0.538,0.401,output/models/distilbert-base-cased_2024-04-15_01-22,42.324,5.301,False,8,64,"(0.8, 0.1, 0.1)","{'Negative': 0, 'No_pathos': 1, 'Positive': 2}",False,True
2024-04-15_01-22,distilbert-base-cased,0.005,9.0,2286,3.257,0.543,0.403,output/models/distilbert-base-cased_2024-04-15_01-22,42.324,5.301,False,8,64,"(0.8, 0.1, 0.1)","{'Negative': 0, 'No_pathos': 1, 'Positive': 2}",False,True
2024-04-15_01-22,distilbert-base-cased,0.005,10.0,2540,3.218,0.549,0.405,output/models/distilbert-base-cased_2024-04-15_01-22,42.324,5.301,False,8,64,"(0.8, 0.1, 0.1)","{'Negative': 0, 'No_pathos': 1, 'Positive': 2}",False,True
2024-04-15_01-30,distilbert-base-cased,0.707,1.0,1754,0.679,0.71,0.413,output/models/distilbert-base-cased_2024-04-15_01-30,296.621,37.086,False,8,64,"(0.8, 0.1, 0.1)","{'Negative': 0, 'No_pathos': 1, 'Positive': 2}",False,False
2024-04-15_01-30,distilbert-base-cased,0.557,2.0,3508,0.844,0.721,0.481,output/models/distilbert-base-cased_2024-04-15_01-30,296.621,37.086,False,8,64,"(0.8, 0.1, 0.1)","{'Negative': 0, 'No_pathos': 1, 'Positive': 2}",False,False
2024-04-15_01-30,distilbert-base-cased,0.377,3.0,5262,0.901,0.718,0.519,output/models/distilbert-base-cased_2024-04-15_01-30,296.621,37.086,False,8,64,"(0.8, 0.1, 0.1)","{'Negative': 0, 'No_pathos': 1, 'Positive': 2}",False,False
2024-04-15_01-30,distilbert-base-cased,0.24,4.0,7016,1.343,0.701,0.508,output/models/distilbert-base-cased_2024-04-15_01-30,296.621,37.086,False,8,64,"(0.8, 0.1, 0.1)","{'Negative': 0, 'No_pathos': 1, 'Positive': 2}",False,False
2024-04-15_01-30,distilbert-base-cased,0.148,5.0,8770,1.541,0.705,0.512,output/models/distilbert-base-cased_2024-04-15_01-30,296.621,37.086,False,8,64,"(0.8, 0.1, 0.1)","{'Negative': 0, 'No_pathos': 1, 'Positive': 2}",False,False
2024-04-15_01-30,distilbert-base-cased,0.088,6.0,10524,2.004,0.698,0.523,output/models/distilbert-base-cased_2024-04-15_01-30,296.621,37.086,False,8,64,"(0.8, 0.1, 0.1)","{'Negative': 0, 'No_pathos': 1, 'Positive': 2}",False,False
2024-04-15_01-30,distilbert-base-cased,0.054,7.0,12278,2.323,0.716,0.514,output/models/distilbert-base-cased_2024-04-15_01-30,296.621,37.086,False,8,64,"(0.8, 0.1, 0.1)","{'Negative': 0, 'No_pathos': 1, 'Positive': 2}",False,False
2024-04-15_01-30,distilbert-base-cased,0.04,8.0,14032,2.279,0.706,0.519,output/models/distilbert-base-cased_2024-04-15_01-30,296.621,37.086,False,8,64,"(0.8, 0.1, 0.1)","{'Negative': 0, 'No_pathos': 1, 'Positive': 2}",False,False
2024-04-15_01-30,distilbert-base-cased,0.02,9.0,15786,2.772,0.716,0.507,output/models/distilbert-base-cased_2024-04-15_01-30,296.621,37.086,False,8,64,"(0.8, 0.1, 0.1)","{'Negative': 0, 'No_pathos': 1, 'Positive': 2}",False,False
2024-04-15_01-30,distilbert-base-cased,0.012,10.0,17540,2.81,0.711,0.509,output/models/distilbert-base-cased_2024-04-15_01-30,296.621,37.086,False,8,64,"(0.8, 0.1, 0.1)","{'Negative': 0, 'No_pathos': 1, 'Positive': 2}",False,False
2024-04-15_01-38,camembert-base,0.696,1.0,990,0.587,0.871,0.465,output/models/camembert-base_2024-04-15_01-38,110.559,13.82,False,8,64,"(0.8, 0.1, 0.1)","{'Pathos': 0, 'No_pathos': 1}",True,True
2024-04-15_01-38,camembert-base,0.696,2.0,1980,0.752,0.129,0.114,output/models/camembert-base_2024-04-15_01-38,110.559,13.82,False,8,64,"(0.8, 0.1, 0.1)","{'Pathos': 0, 'No_pathos': 1}",True,True
2024-04-15_01-38,camembert-base,0.695,3.0,2970,0.629,0.871,0.465,output/models/camembert-base_2024-04-15_01-38,110.559,13.82,False,8,64,"(0.8, 0.1, 0.1)","{'Pathos': 0, 'No_pathos': 1}",True,True
2024-04-15_01-38,camembert-base,0.694,4.0,3960,0.686,0.871,0.465,output/models/camembert-base_2024-04-15_01-38,110.559,13.82,False,8,64,"(0.8, 0.1, 0.1)","{'Pathos': 0, 'No_pathos': 1}",True,True
2024-04-15_01-38,camembert-base,0.694,5.0,4950,0.683,0.871,0.465,output/models/camembert-base_2024-04-15_01-38,110.559,13.82,False,8,64,"(0.8, 0.1, 0.1)","{'Pathos': 0, 'No_pathos': 1}",True,True
2024-04-15_01-38,camembert-base,0.694,6.0,5940,0.706,0.129,0.114,output/models/camembert-base_2024-04-15_01-38,110.559,13.82,False,8,64,"(0.8, 0.1, 0.1)","{'Pathos': 0, 'No_pathos': 1}",True,True
2024-04-15_01-38,camembert-base,0.694,7.0,6930,0.683,0.871,0.465,output/models/camembert-base_2024-04-15_01-38,110.559,13.82,False,8,64,"(0.8, 0.1, 0.1)","{'Pathos': 0, 'No_pathos': 1}",True,True
2024-04-15_01-38,camembert-base,0.694,8.0,7920,0.699,0.129,0.114,output/models/camembert-base_2024-04-15_01-38,110.559,13.82,False,8,64,"(0.8, 0.1, 0.1)","{'Pathos': 0, 'No_pathos': 1}",True,True
2024-04-15_01-38,camembert-base,0.694,9.0,8910,0.691,0.871,0.465,output/models/camembert-base_2024-04-15_01-38,110.559,13.82,False,8,64,"(0.8, 0.1, 0.1)","{'Pathos': 0, 'No_pathos': 1}",True,True
2024-04-15_01-38,camembert-base,0.693,10.0,9900,0.686,0.871,0.465,output/models/camembert-base_2024-04-15_01-38,110.559,13.82,False,8,64,"(0.8, 0.1, 0.1)","{'Pathos': 0, 'No_pathos': 1}",True,True
2024-04-15_01-50,camembert-base,0.607,1.0,1754,0.602,0.687,0.62,output/models/camembert-base_2024-04-15_01-50,163.216,20.406,False,8,64,"(0.8, 0.1, 0.1)","{'Pathos': 0, 'No_pathos': 1}",True,False
2024-04-15_01-50,camembert-base,0.577,2.0,3508,0.613,0.706,0.602,output/models/camembert-base_2024-04-15_01-50,163.216,20.406,False,8,64,"(0.8, 0.1, 0.1)","{'Pathos': 0, 'No_pathos': 1}",True,False
2024-04-15_01-50,camembert-base,0.539,3.0,5262,0.594,0.702,0.605,output/models/camembert-base_2024-04-15_01-50,163.216,20.406,False,8,64,"(0.8, 0.1, 0.1)","{'Pathos': 0, 'No_pathos': 1}",True,False
2024-04-15_01-50,camembert-base,0.497,4.0,7016,0.718,0.677,0.609,output/models/camembert-base_2024-04-15_01-50,163.216,20.406,False,8,64,"(0.8, 0.1, 0.1)","{'Pathos': 0, 'No_pathos': 1}",True,False
2024-04-15_01-50,camembert-base,0.449,5.0,8770,0.732,0.696,0.622,output/models/camembert-base_2024-04-15_01-50,163.216,20.406,False,8,64,"(0.8, 0.1, 0.1)","{'Pathos': 0, 'No_pathos': 1}",True,False
2024-04-15_01-50,camembert-base,0.386,6.0,10524,0.793,0.693,0.613,output/models/camembert-base_2024-04-15_01-50,163.216,20.406,False,8,64,"(0.8, 0.1, 0.1)","{'Pathos': 0, 'No_pathos': 1}",True,False
2024-04-15_01-50,camembert-base,0.341,7.0,12278,0.861,0.697,0.618,output/models/camembert-base_2024-04-15_01-50,163.216,20.406,False,8,64,"(0.8, 0.1, 0.1)","{'Pathos': 0, 'No_pathos': 1}",True,False
2024-04-15_01-50,camembert-base,0.296,8.0,14032,0.931,0.694,0.622,output/models/camembert-base_2024-04-15_01-50,163.216,20.406,False,8,64,"(0.8, 0.1, 0.1)","{'Pathos': 0, 'No_pathos': 1}",True,False
2024-04-15_01-50,camembert-base,0.252,9.0,15786,1.017,0.685,0.61,output/models/camembert-base_2024-04-15_01-50,163.216,20.406,False,8,64,"(0.8, 0.1, 0.1)","{'Pathos': 0, 'No_pathos': 1}",True,False
2024-04-15_01-50,camembert-base,0.228,10.0,17540,1.071,0.692,0.615,output/models/camembert-base_2024-04-15_01-50,163.216,20.406,False,8,64,"(0.8, 0.1, 0.1)","{'Pathos': 0, 'No_pathos': 1}",True,False
2024-04-15_02-04,camembert-base,1.08,1.0,254,0.928,0.668,0.298,output/models/camembert-base_2024-04-15_02-04,35.984,4.507,False,8,64,"(0.8, 0.1, 0.1)","{'Negative': 0, 'No_pathos': 1, 'Positive': 2}",False,True
2024-04-15_02-04,camembert-base,0.989,2.0,508,1.026,0.433,0.331,output/models/camembert-base_2024-04-15_02-04,35.984,4.507,False,8,64,"(0.8, 0.1, 0.1)","{'Negative': 0, 'No_pathos': 1, 'Positive': 2}",False,True
2024-04-15_02-04,camembert-base,0.848,3.0,762,0.969,0.548,0.389,output/models/camembert-base_2024-04-15_02-04,35.984,4.507,False,8,64,"(0.8, 0.1, 0.1)","{'Negative': 0, 'No_pathos': 1, 'Positive': 2}",False,True
2024-04-15_02-04,camembert-base,0.688,4.0,1016,1.156,0.493,0.371,output/models/camembert-base_2024-04-15_02-04,35.984,4.507,False,8,64,"(0.8, 0.1, 0.1)","{'Negative': 0, 'No_pathos': 1, 'Positive': 2}",False,True
2024-04-15_02-04,camembert-base,0.538,5.0,1270,1.442,0.463,0.355,output/models/camembert-base_2024-04-15_02-04,35.984,4.507,False,8,64,"(0.8, 0.1, 0.1)","{'Negative': 0, 'No_pathos': 1, 'Positive': 2}",False,True
2024-04-15_02-04,camembert-base,0.4,6.0,1524,1.605,0.534,0.385,output/models/camembert-base_2024-04-15_02-04,35.984,4.507,False,8,64,"(0.8, 0.1, 0.1)","{'Negative': 0, 'No_pathos': 1, 'Positive': 2}",False,True
2024-04-15_02-04,camembert-base,0.314,7.0,1778,2.15,0.486,0.361,output/models/camembert-base_2024-04-15_02-04,35.984,4.507,False,8,64,"(0.8, 0.1, 0.1)","{'Negative': 0, 'No_pathos': 1, 'Positive': 2}",False,True
2024-04-15_02-04,camembert-base,0.225,8.0,2032,2.473,0.472,0.359,output/models/camembert-base_2024-04-15_02-04,35.984,4.507,False,8,64,"(0.8, 0.1, 0.1)","{'Negative': 0, 'No_pathos': 1, 'Positive': 2}",False,True
2024-04-15_02-04,camembert-base,0.145,9.0,2286,2.517,0.5,0.372,output/models/camembert-base_2024-04-15_02-04,35.984,4.507,False,8,64,"(0.8, 0.1, 0.1)","{'Negative': 0, 'No_pathos': 1, 'Positive': 2}",False,True
2024-04-15_02-04,camembert-base,0.138,10.0,2540,2.603,0.493,0.37,output/models/camembert-base_2024-04-15_02-04,35.984,4.507,False,8,64,"(0.8, 0.1, 0.1)","{'Negative': 0, 'No_pathos': 1, 'Positive': 2}",False,True
2024-04-15_02-14,camembert-base,0.777,1.0,1754,0.771,0.683,0.271,output/models/camembert-base_2024-04-15_02-14,161.838,20.234,False,8,64,"(0.8, 0.1, 0.1)","{'Negative': 0, 'No_pathos': 1, 'Positive': 2}",False,False
2024-04-15_02-14,camembert-base,0.775,2.0,3508,0.77,0.683,0.271,output/models/camembert-base_2024-04-15_02-14,161.838,20.234,False,8,64,"(0.8, 0.1, 0.1)","{'Negative': 0, 'No_pathos': 1, 'Positive': 2}",False,False
2024-04-15_02-14,camembert-base,0.773,3.0,5262,0.775,0.683,0.271,output/models/camembert-base_2024-04-15_02-14,161.838,20.234,False,8,64,"(0.8, 0.1, 0.1)","{'Negative': 0, 'No_pathos': 1, 'Positive': 2}",False,False
2024-04-15_02-14,camembert-base,0.774,4.0,7016,0.77,0.683,0.271,output/models/camembert-base_2024-04-15_02-14,161.838,20.234,False,8,64,"(0.8, 0.1, 0.1)","{'Negative': 0, 'No_pathos': 1, 'Positive': 2}",False,False
2024-04-15_02-14,camembert-base,0.772,5.0,8770,0.77,0.683,0.271,output/models/camembert-base_2024-04-15_02-14,161.838,20.234,False,8,64,"(0.8, 0.1, 0.1)","{'Negative': 0, 'No_pathos': 1, 'Positive': 2}",False,False
2024-04-15_02-14,camembert-base,0.772,6.0,10524,0.771,0.683,0.271,output/models/camembert-base_2024-04-15_02-14,161.838,20.234,False,8,64,"(0.8, 0.1, 0.1)","{'Negative': 0, 'No_pathos': 1, 'Positive': 2}",False,False
2024-04-15_02-14,camembert-base,0.772,7.0,12278,0.77,0.683,0.271,output/models/camembert-base_2024-04-15_02-14,161.838,20.234,False,8,64,"(0.8, 0.1, 0.1)","{'Negative': 0, 'No_pathos': 1, 'Positive': 2}",False,False
2024-04-15_02-14,camembert-base,0.771,8.0,14032,0.77,0.683,0.271,output/models/camembert-base_2024-04-15_02-14,161.838,20.234,False,8,64,"(0.8, 0.1, 0.1)","{'Negative': 0, 'No_pathos': 1, 'Positive': 2}",False,False
2024-04-15_02-14,camembert-base,0.772,9.0,15786,0.77,0.683,0.271,output/models/camembert-base_2024-04-15_02-14,161.838,20.234,False,8,64,"(0.8, 0.1, 0.1)","{'Negative': 0, 'No_pathos': 1, 'Positive': 2}",False,False
2024-04-15_02-14,camembert-base,0.771,10.0,17540,0.77,0.683,0.271,output/models/camembert-base_2024-04-15_02-14,161.838,20.234,False,8,64,"(0.8, 0.1, 0.1)","{'Negative': 0, 'No_pathos': 1, 'Positive': 2}",False,False
2024-04-19_22-16,distilbert-base-cased,0.995,1.0,254,1.063,0.452,0.367,output/models/distilbert-base-cased_2024-04-19_22-16,41.595,5.21,False,8,64,"(0.8, 0.1, 0.1)","{'Negative': 0, 'No_pathos': 1, 'Positive': 2}",False,True
2024-04-19_22-38,distilbert-base-cased,0.982,1.0,254,1.04,0.473,0.376,output/models/distilbert-base-cased_2024-04-19_22-38,41.756,5.23,False,8,64,"(0.8, 0.1, 0.1)","{'Negative': 0, 'No_pathos': 1, 'Positive': 2}",False,True
2024-04-19_22-39,distilbert-base-cased,0.993,1.0,254,1.072,0.468,0.374,output/models/distilbert-base-cased_2024-04-19_22-39,42.157,5.28,False,8,64,"(0.8, 0.1, 0.1)","{'Negative': 0, 'No_pathos': 1, 'Positive': 2}",False,True
2024-04-19_22-45,distilbert-base-cased,0.979,1.0,254,1.051,0.482,0.381,output/models/distilbert-base-cased_2024-04-19_22-45,41.605,5.211,False,8,64,"(0.8, 0.1, 0.1)","{'Negative': 0, 'No_pathos': 1, 'Positive': 2}",False,True
2024-04-19_22-47,distilbert-base-cased,0.999,1.0,254,1.066,0.462,0.368,output/models/distilbert-base-cased_2024-04-19_22-47,41.271,5.169,False,8,64,"(0.8, 0.1, 0.1)","{'Negative': 0, 'No_pathos': 1, 'Positive': 2}",False,True
2024-04-19_23-22,distilbert-base-cased,0.998,1.0,254,0.845,0.663,0.439,output/models/distilbert-base-cased_2024-04-19_23-22,41.218,5.162,False,8,64,"(0.8, 0.1, 0.1)","{'Negative': 0, 'No_pathos': 1, 'Positive': 2}",False,True
2024-04-19_23-22,distilbert-base-cased,0.69,2.0,508,1.104,0.532,0.399,output/models/distilbert-base-cased_2024-04-19_23-22,41.218,5.162,False,8,64,"(0.8, 0.1, 0.1)","{'Negative': 0, 'No_pathos': 1, 'Positive': 2}",False,True
2024-04-19_23-22,distilbert-base-cased,0.356,3.0,762,1.441,0.579,0.41,output/models/distilbert-base-cased_2024-04-19_23-22,41.218,5.162,False,8,64,"(0.8, 0.1, 0.1)","{'Negative': 0, 'No_pathos': 1, 'Positive': 2}",False,True
2024-04-19_23-22,distilbert-base-cased,0.182,4.0,1016,2.371,0.546,0.401,output/models/distilbert-base-cased_2024-04-19_23-22,41.218,5.162,False,8,64,"(0.8, 0.1, 0.1)","{'Negative': 0, 'No_pathos': 1, 'Positive': 2}",False,True
2024-04-19_23-22,distilbert-base-cased,0.06,5.0,1270,3.188,0.505,0.382,output/models/distilbert-base-cased_2024-04-19_23-22,41.218,5.162,False,8,64,"(0.8, 0.1, 0.1)","{'Negative': 0, 'No_pathos': 1, 'Positive': 2}",False,True
2024-04-19_23-22,distilbert-base-cased,0.022,6.0,1524,3.1,0.552,0.397,output/models/distilbert-base-cased_2024-04-19_23-22,41.218,5.162,False,8,64,"(0.8, 0.1, 0.1)","{'Negative': 0, 'No_pathos': 1, 'Positive': 2}",False,True
2024-04-19_23-22,distilbert-base-cased,0.016,7.0,1778,3.361,0.533,0.394,output/models/distilbert-base-cased_2024-04-19_23-22,41.218,5.162,False,8,64,"(0.8, 0.1, 0.1)","{'Negative': 0, 'No_pathos': 1, 'Positive': 2}",False,True
2024-04-19_23-22,distilbert-base-cased,0.007,8.0,2032,3.374,0.553,0.404,output/models/distilbert-base-cased_2024-04-19_23-22,41.218,5.162,False,8,64,"(0.8, 0.1, 0.1)","{'Negative': 0, 'No_pathos': 1, 'Positive': 2}",False,True
2024-04-19_23-22,distilbert-base-cased,0.001,9.0,2286,3.61,0.536,0.398,output/models/distilbert-base-cased_2024-04-19_23-22,41.218,5.162,False,8,64,"(0.8, 0.1, 0.1)","{'Negative': 0, 'No_pathos': 1, 'Positive': 2}",False,True
2024-04-19_23-22,distilbert-base-cased,0.0,10.0,2540,3.72,0.529,0.394,output/models/distilbert-base-cased_2024-04-19_23-22,41.218,5.162,False,8,64,"(0.8, 0.1, 0.1)","{'Negative': 0, 'No_pathos': 1, 'Positive': 2}",False,True
